[
  {
    "id": "DOC_001",
    "category": "documents",
    "docType": "PDF", 
    "name": { "es": "Manual de Usuario X200", "en": "User Manual X200" },
    "description": { "es": "Guía completa de operación y seguridad.", "en": "Complete operation and safety guide." },
    "metadata": { "group": "Documentación Técnica", "methodology": "ISO-9001", "schedule": "Siempre disponible" },
    "tags": ["manual", "pdf", "guia"],
    "related_ids": ["INST_001"]
  },
  {
    "id": "DOC_002",
    "category": "documents",
    "docType": "Aviso",
    "name": { "es": "Mantenimiento Programado", "en": "Scheduled Maintenance" },
    "description": { "es": "El microscopio estará fuera de servicio el viernes.", "en": "Microscope out of service this Friday." },
    "metadata": { "group": "Avisos Generales", "methodology": "Administrativo", "schedule": "Viernes 14:00" },
    "tags": ["alerta", "reparacion"],
    "related_ids": ["INST_001"]
  },
  {
    "id": "DOC_003",
    "category": "documents",
    "docType": "Comunicado",
    "name": { "es": "Nueva normativa de centrifugado", "en": "New centrifugation regulations" },
    "description": { "es": "Actualización de seguridad para manejo de fluidos.", "en": "Safety update for fluid handling." },
    "metadata": { "group": "Seguridad", "methodology": "Normativa Interna", "schedule": "Vigente 2024" },
    "tags": ["reglas", "seguridad"],
    "related_ids": ["INST_002"]
  }
]