[
  {
    "id": "INST_001",
    "category": "instruments",
    "name": { "es": "Microscopio Electrónico X200", "en": "Electron Microscope X200" },
    "description": { 
      "es": "Instrumento de alta resolución para análisis celular y virología.", 
      "en": "High-resolution instrument for cellular analysis and virology."
    },
    "metadata": {
      "group": "Laboratorio A",
      "methodology": "Microscopía",
      "schedule": "09:00 - 17:00"
    },
    "tags": ["lentes", "zoom", "digital", "ciencia"],
    "related_ids": ["PROD_001", "DOC_001", "DOC_002"] 
  },
  {
    "id": "INST_002",
    "category": "instruments",
    "name": { "es": "Centrífuga Refrigerada", "en": "Refrigerated Centrifuge" },
    "description": { 
      "es": "Equipo para separación de mezclas mediante fuerza centrífuga con control de temperatura.", 
      "en": "Equipment for mixture separation using centrifugal force with temp control."
    },
    "metadata": {
      "group": "Laboratorio B",
      "methodology": "Separación",
      "schedule": "07:00 - 15:00"
    },
    "tags": ["rotación", "sangre", "muestras"],
    "related_ids": ["PROD_002", "DOC_003"]
  }
]