[
  {
    "id": "PROD_001",
    "category": "products",
    "name": { "es": "Kit de Limpieza de Lentes Ópticos", "en": "Optical Lens Cleaning Kit" },
    "description": { "es": "Solución isopropílica y paños de microfibra de grado quirúrgico para mantenimiento de microscopios.", "en": "Solution and cloths for optics maintenance." },
    "metadata": { "group": "Mantenimiento", "stock": "50 unidades", "sku": "CLN-992" },
    "tags": ["limpieza", "liquido", "mantenimiento", "optica"],
    "related_ids": ["INST_001"]
  },
  {
    "id": "PROD_002",
    "category": "products",
    "name": { "es": "Tubos de Ensayo Falcón 50ml", "en": "Falcon Test Tubes 50ml" },
    "description": { "es": "Paquete de 100 tubos cónicos de polipropileno estéril, resistentes a 12,000 RPM.", "en": "Pack of 100 high-rpm resistant tubes." },
    "metadata": { "group": "Consumibles", "stock": "200 cajas", "sku": "TUB-50X" },
    "tags": ["vidrio", "plastico", "centrifugado", "esteril"],
    "related_ids": ["INST_002"]
  },
  {
    "id": "PROD_003",
    "category": "products",
    "name": { "es": "Guantes de Nitrilo Azules (Caja x100)", "en": "Nitrile Gloves Blue" },
    "description": { "es": "Protección química superior, sin polvo, texturizados en dedos para mejor agarre.", "en": "Chemical protection, powder-free." },
    "metadata": { "group": "Seguridad", "stock": "500 cajas", "sku": "SAF-GLV-M" },
    "tags": ["seguridad", "proteccion", "desechable"],
    "related_ids": ["DOC_003"]
  },
  {
    "id": "PROD_004",
    "category": "products",
    "name": { "es": "Pipeta Automática Variable 100-1000µl", "en": "Variable Micropipette" },
    "description": { "es": "Micropipeta de alta precisión, autoclavable, con eyector de puntas suave.", "en": "High precision micropipette." },
    "metadata": { "group": "Instrumental Menor", "stock": "15 unidades", "sku": "PIP-VAR-1K" },
    "tags": ["medicion", "liquidos", "precision"],
    "related_ids": []
  },
  {
    "id": "PROD_005",
    "category": "products",
    "name": { "es": "Agar Nutritivo (500g)", "en": "Nutrient Agar" },
    "description": { "es": "Medio de cultivo general para el crecimiento de bacterias y hongos no exigentes.", "en": "General culture medium." },
    "metadata": { "group": "Reactivos", "stock": "30 frascos", "sku": "BIO-AGR-500" },
    "tags": ["biologia", "cultivo", "bacterias"],
    "related_ids": ["INST_001"]
  },
  {
    "id": "PROD_006",
    "category": "products",
    "name": { "es": "Gradilla para Tubos de Ensayo", "en": "Test Tube Rack" },
    "description": { "es": "Soporte de acero inoxidable para 24 tubos, resistente a la corrosión y autoclave.", "en": "Stainless steel rack." },
    "metadata": { "group": "Mobiliario", "stock": "45 unidades", "sku": "RACK-SS-24" },
    "tags": ["soporte", "acero", "organizacion"],
    "related_ids": ["PROD_002"]
  }
]